Mês/Ano,Região,Estado,Produção Etanol Hidratado(m³),Produção Etanol Anidro (m³)
11/2024,CENTRO OESTE,Goiás,262397,84200
11/2024,CENTRO OESTE,Mato Grosso,356130,183668
11/2024,CENTRO OESTE,Mato Grosso do Sul,228501,121155
11/2024,NORDESTE,Alagoas,41219,33453
11/2024,NORDESTE,Bahia,24143,11002
11/2024,NORDESTE,Maranhão,1726,13166
11/2024,NORDESTE,Paraíba,24493,30465
11/2024,NORDESTE,Pernambuco,39005,16900
11/2024,NORDESTE,Piauí,1991,108
11/2024,NORDESTE,Rio Grande do Norte,23192,146
11/2024,NORDESTE,Sergipe,8916,3294
11/2024,NORTE,Amazonas,2321,
11/2024,NORTE,Pará,4187,4758
11/2024,NORTE,Tocantins,7675,5030
11/2024,SUDESTE,Espírito Santo,348,3592
11/2024,SUDESTE,Minas Gerais,129900,80897
11/2024,SUDESTE,Rio de Janeiro,155,
11/2024,SUDESTE,São Paulo,530139,258371
11/2024,SUL,Paraná,29557,14502
11/2024,SUL,Rio Grande do Sul,0,
10/2024,CENTRO OESTE,Goiás,427136,152292
10/2024,CENTRO OESTE,Mato Grosso,436541,218107
10/2024,CENTRO OESTE,Mato Grosso do Sul,291083,113328
10/2024,NORDESTE,Alagoas,44790,29440
10/2024,NORDESTE,Bahia,28603,16205
10/2024,NORDESTE,Maranhão,4458,19032
10/2024,NORDESTE,Paraíba,36088,21135
10/2024,NORDESTE,Pernambuco,41103,6764
10/2024,NORDESTE,Piauí,4163,2827
10/2024,NORDESTE,Rio Grande do Norte,23331,3712
10/2024,NORDESTE,Sergipe,10100,2939
10/2024,NORTE,Amazonas,2127,
10/2024,NORTE,Pará,2124,7486
10/2024,NORTE,Tocantins,9370,11590
10/2024,SUDESTE,Espírito Santo,3853,5918
10/2024,SUDESTE,Minas Gerais,239894,128430
10/2024,SUDESTE,Rio de Janeiro,7844,
10/2024,SUDESTE,São Paulo,961952,591236
10/2024,SUL,Paraná,58642,62560
10/2024,SUL,Rio Grande do Sul,1,
09/2024,CENTRO OESTE,Goiás,636887,197769
09/2024,CENTRO OESTE,Mato Grosso,456151,224234
09/2024,CENTRO OESTE,Mato Grosso do Sul,301614,120761
09/2024,NORDESTE,Alagoas,36138,11887
09/2024,NORDESTE,Bahia,39594,16022
09/2024,NORDESTE,Maranhão,7571,24629
09/2024,NORDESTE,Paraíba,40768,19404
09/2024,NORDESTE,Pernambuco,37548,1163
09/2024,NORDESTE,Piauí,2520,4404
09/2024,NORDESTE,Rio Grande do Norte,19457,3312
09/2024,NORDESTE,Sergipe,4468,
09/2024,NORTE,Amazonas,1842,
09/2024,NORTE,Pará,1837,7419
09/2024,NORTE,Tocantins,10929,20828
09/2024,SUDESTE,Espírito Santo,3229,10813
09/2024,SUDESTE,Minas Gerais,344279,177193
09/2024,SUDESTE,Rio de Janeiro,17556,
09/2024,SUDESTE,São Paulo,1288024,778122
09/2024,SUL,Paraná,67808,75073
09/2024,SUL,Rio Grande do Sul,3,
08/2024,CENTRO OESTE,Goiás,667971,211739
08/2024,CENTRO OESTE,Mato Grosso,453325,239707
08/2024,CENTRO OESTE,Mato Grosso do Sul,362916,139339
08/2024,NORDESTE,Alagoas,901,
08/2024,NORDESTE,Bahia,37855,11384
08/2024,NORDESTE,Maranhão,8342,26787
08/2024,NORDESTE,Paraíba,29691,15203
08/2024,NORDESTE,Pernambuco,9390,
08/2024,NORDESTE,Piauí,5123,1377
08/2024,NORDESTE,Rio Grande do Norte,8704,
08/2024,NORTE,Amazonas,936,
08/2024,NORTE,Pará,1900,6996
08/2024,NORTE,Tocantins,18725,12413
08/2024,SUDESTE,Espírito Santo,4981,11167
08/2024,SUDESTE,Minas Gerais,347605,179897
08/2024,SUDESTE,Rio de Janeiro,25387,
08/2024,SUDESTE,São Paulo,1223075,793088
08/2024,SUL,Paraná,72085,93452
08/2024,SUL,Rio Grande do Sul,2,
07/2024,CENTRO OESTE,Goiás,650036,211844
07/2024,CENTRO OESTE,Mato Grosso,446125,222436
07/2024,CENTRO OESTE,Mato Grosso do Sul,317508,137649
07/2024,NORDESTE,Bahia,39804,14723
07/2024,NORDESTE,Maranhão,4046,28312
07/2024,NORDESTE,Paraíba,5217,
07/2024,NORDESTE,Piauí,8017,
07/2024,NORDESTE,Rio Grande do Norte,95,
07/2024,NORTE,Pará,2788,5468
07/2024,NORTE,Tocantins,11478,21101
07/2024,SUDESTE,Espírito Santo,3428,9561
07/2024,SUDESTE,Minas Gerais,340811,191153
07/2024,SUDESTE,Rio de Janeiro,27151,
07/2024,SUDESTE,São Paulo,1133345,894196
07/2024,SUL,Paraná,75090,78871
07/2024,SUL,Rio Grande do Sul,4,
06/2024,CENTRO OESTE,Goiás,601913,192641
06/2024,CENTRO OESTE,Mato Grosso,405232,201175
06/2024,CENTRO OESTE,Mato Grosso do Sul,352175,164943
06/2024,NORDESTE,Bahia,30122,12935
06/2024,NORDESTE,Maranhão,3561,20466
06/2024,NORDESTE,Piauí,1127,
06/2024,NORTE,Pará,1017,5274
06/2024,NORTE,Tocantins,8270,12675
06/2024,SUDESTE,Espírito Santo,558,11403
06/2024,SUDESTE,Minas Gerais,289704,199379
06/2024,SUDESTE,Rio de Janeiro,21183,
06/2024,SUDESTE,São Paulo,1113653,891290
06/2024,SUL,Paraná,81640,102766
06/2024,SUL,Rio Grande do Sul,1,
05/2024,CENTRO OESTE,Goiás,545869,160274
05/2024,CENTRO OESTE,Mato Grosso,378314,196180
05/2024,CENTRO OESTE,Mato Grosso do Sul,315701,123516
05/2024,NORDESTE,Bahia,32189,6439
05/2024,NORDESTE,Maranhão,78,1441
05/2024,NORDESTE,Paraíba,5585,
05/2024,NORDESTE,Pernambuco,,913
05/2024,NORTE,Pará,1043,59
05/2024,NORTE,Tocantins,11850,10506
05/2024,SUDESTE,Espírito Santo,1697,9230
05/2024,SUDESTE,Minas Gerais,255497,173870
05/2024,SUDESTE,Rio de Janeiro,6594,
05/2024,SUDESTE,São Paulo,1038979,796058
05/2024,SUL,Paraná,74024,81457
04/2024,CENTRO OESTE,Goiás,217488,48314
04/2024,CENTRO OESTE,Mato Grosso,315300,107082
04/2024,CENTRO OESTE,Mato Grosso do Sul,257617,48233
04/2024,NORDESTE,Alagoas,5466,19
04/2024,NORDESTE,Bahia,9474,777
04/2024,NORDESTE,Paraíba,10756,1242
04/2024,NORDESTE,Pernambuco,11924,2265
04/2024,NORTE,Tocantins,12582,
04/2024,SUDESTE,Espírito Santo,648,
04/2024,SUDESTE,Minas Gerais,173781,49860
04/2024,SUDESTE,São Paulo,711269,310198
04/2024,SUL,Paraná,70187,51333
03/2024,CENTRO OESTE,Goiás,54062,4492
03/2024,CENTRO OESTE,Mato Grosso,316941,95326
03/2024,CENTRO OESTE,Mato Grosso do Sul,137632,49836
03/2024,NORDESTE,Alagoas,22197,21226
03/2024,NORDESTE,Paraíba,7392,10068
03/2024,NORDESTE,Pernambuco,21109,3936
03/2024,NORDESTE,Rio Grande do Norte,4915,
03/2024,NORDESTE,Sergipe,5137,845
03/2024,SUDESTE,Minas Gerais,12874,1042
03/2024,SUDESTE,São Paulo,112962,56682
03/2024,SUL,Paraná,33056,4948
03/2024,SUL,Rio Grande do Sul,1,
02/2024,CENTRO OESTE,Goiás,45047,15866
02/2024,CENTRO OESTE,Mato Grosso,269709,117749
02/2024,CENTRO OESTE,Mato Grosso do Sul,70727,48473
02/2024,NORDESTE,Alagoas,33555,31920
02/2024,NORDESTE,Paraíba,8493,12682
02/2024,NORDESTE,Pernambuco,22574,9475
02/2024,NORDESTE,Rio Grande do Norte,14035,607
02/2024,NORDESTE,Sergipe,6825,2851
02/2024,SUDESTE,Minas Gerais,934,
02/2024,SUDESTE,São Paulo,17071,14556
02/2024,SUL,Rio Grande do Sul,1,
01/2024,CENTRO OESTE,Goiás,50261,13162
01/2024,CENTRO OESTE,Mato Grosso,261626,146624
01/2024,CENTRO OESTE,Mato Grosso do Sul,62710,65062
01/2024,NORDESTE,Alagoas,43526,34903
01/2024,NORDESTE,Paraíba,16255,29393
01/2024,NORDESTE,Pernambuco,18586,18982
01/2024,NORDESTE,Rio Grande do Norte,13236,2387
01/2024,NORDESTE,Sergipe,10769,3205
01/2024,NORTE,Pará,,3351
01/2024,SUDESTE,Minas Gerais,1325,
01/2024,SUDESTE,São Paulo,22099,27019
01/2024,SUL,Paraná,100,3840
01/2024,SUL,Rio Grande do Sul,1,
12/2023,CENTRO OESTE,Goiás,146132,44240
12/2023,CENTRO OESTE,Mato Grosso,330355,81197
12/2023,CENTRO OESTE,Mato Grosso do Sul,134471,81209
12/2023,NORDESTE,Alagoas,40226,40121
12/2023,NORDESTE,Bahia,5990,2440
12/2023,NORDESTE,Paraíba,26393,27642
12/2023,NORDESTE,Pernambuco,24624,22868
12/2023,NORDESTE,Rio Grande do Norte,13113,5709
12/2023,NORDESTE,Sergipe,9909,3698
12/2023,NORTE,Pará,,6776
12/2023,SUDESTE,Espírito Santo,3,2437
12/2023,SUDESTE,Minas Gerais,63976,23715
12/2023,SUDESTE,São Paulo,426861,223407
12/2023,SUL,Paraná,24713,13047
12/2023,SUL,Rio Grande do Sul,1,
11/2023,CENTRO OESTE,Goiás,306873,96747
11/2023,CENTRO OESTE,Mato Grosso,305546,123933
11/2023,CENTRO OESTE,Mato Grosso do Sul,220769,93924
11/2023,NORDESTE,Alagoas,41025,33998
11/2023,NORDESTE,Bahia,26851,11904
11/2023,NORDESTE,Maranhão,148,5695
11/2023,NORDESTE,Paraíba,24970,33938
11/2023,NORDESTE,Pernambuco,29254,20762
11/2023,NORDESTE,Piauí,1100,6081
11/2023,NORDESTE,Rio Grande do Norte,15004,7484
11/2023,NORDESTE,Sergipe,10128,3163
11/2023,NORTE,Amazonas,1708,
11/2023,NORTE,Pará,3076,4045
11/2023,NORTE,Tocantins,1752,2582
11/2023,SUDESTE,Espírito Santo,3166,4846
11/2023,SUDESTE,Minas Gerais,166946,110086
11/2023,SUDESTE,Rio de Janeiro,3200,
11/2023,SUDESTE,São Paulo,792974,579515
11/2023,SUL,Paraná,50426,39890
11/2023,SUL,Rio Grande do Sul,2,
10/2023,CENTRO OESTE,Goiás,477040,142712
10/2023,CENTRO OESTE,Mato Grosso,367563,190928
10/2023,CENTRO OESTE,Mato Grosso do Sul,249647,141428
10/2023,NORDESTE,Alagoas,31365,39447
10/2023,NORDESTE,Bahia,36817,19291
10/2023,NORDESTE,Maranhão,3514,18566
10/2023,NORDESTE,Paraíba,17888,39566
10/2023,NORDESTE,Pernambuco,23080,23849
10/2023,NORDESTE,Piauí,1221,7364
10/2023,NORDESTE,Rio Grande do Norte,14359,8332
10/2023,NORDESTE,Sergipe,8538,3059
10/2023,NORTE,Amazonas,2628,
10/2023,NORTE,Pará,2555,2817
10/2023,NORTE,Tocantins,10079,12997
10/2023,SUDESTE,Espírito Santo,998,9341
10/2023,SUDESTE,Minas Gerais,221150,163074
10/2023,SUDESTE,Rio de Janeiro,7314,
10/2023,SUDESTE,São Paulo,833425,656096
10/2023,SUL,Paraná,64887,60369
10/2023,SUL,Rio Grande do Sul,3,
09/2023,CENTRO OESTE,Goiás,612648,169834
09/2023,CENTRO OESTE,Mato Grosso,331767,229349
09/2023,CENTRO OESTE,Mato Grosso do Sul,321685,117070
09/2023,NORDESTE,Alagoas,20321,8161
09/2023,NORDESTE,Bahia,32744,18945
09/2023,NORDESTE,Maranhão,6638,27077
09/2023,NORDESTE,Paraíba,18125,35077
09/2023,NORDESTE,Pernambuco,14714,9007
09/2023,NORDESTE,Piauí,2239,7085
09/2023,NORDESTE,Rio Grande do Norte,10066,7809
09/2023,NORDESTE,Sergipe,3740,186
09/2023,NORTE,Amazonas,1465,
09/2023,NORTE,Pará,2579,4502
09/2023,NORTE,Tocantins,9287,18065
09/2023,SUDESTE,Espírito Santo,732,10654
09/2023,SUDESTE,Minas Gerais,291077,182137
09/2023,SUDESTE,Rio de Janeiro,14559,
09/2023,SUDESTE,São Paulo,1085232,847921
09/2023,SUL,Paraná,63071,97578
09/2023,SUL,Rio Grande do Sul,3,
08/2023,CENTRO OESTE,Goiás,665496,167493
08/2023,CENTRO OESTE,Mato Grosso,345249,227672
08/2023,CENTRO OESTE,Mato Grosso do Sul,378912,119057
08/2023,NORDESTE,Alagoas,855,
08/2023,NORDESTE,Bahia,32894,22560
08/2023,NORDESTE,Maranhão,6067,28060
08/2023,NORDESTE,Paraíba,15038,28780
08/2023,NORDESTE,Pernambuco,6230,353
08/2023,NORDESTE,Piauí,2945,7167
08/2023,NORDESTE,Rio Grande do Norte,6011,5877
08/2023,NORTE,Amazonas,1004,
08/2023,NORTE,Pará,2317,7117
08/2023,NORTE,Tocantins,13317,18165
08/2023,SUDESTE,Espírito Santo,1285,11111
08/2023,SUDESTE,Minas Gerais,303829,207886
08/2023,SUDESTE,Rio de Janeiro,19136,
08/2023,SUDESTE,São Paulo,1149446,909450
08/2023,SUL,Paraná,63437,113819
08/2023,SUL,Rio Grande do Sul,2,
07/2023,CENTRO OESTE,Goiás,658603,204608
07/2023,CENTRO OESTE,Mato Grosso,326237,253123
07/2023,CENTRO OESTE,Mato Grosso do Sul,376958,147575
07/2023,NORDESTE,Bahia,28224,25163
07/2023,NORDESTE,Maranhão,5522,27427
07/2023,NORDESTE,Paraíba,5192,627
07/2023,NORDESTE,Piauí,5245,4603
07/2023,NORTE,Pará,1886,7506
07/2023,NORTE,Tocantins,13061,18646
07/2023,SUDESTE,Espírito Santo,1385,10841
07/2023,SUDESTE,Minas Gerais,308189,205967
07/2023,SUDESTE,Rio de Janeiro,19991,
07/2023,SUDESTE,São Paulo,1088325,946078
07/2023,SUL,Paraná,72780,121228
07/2023,SUL,Rio Grande do Sul,3,
06/2023,CENTRO OESTE,Goiás,523622,206200
06/2023,CENTRO OESTE,Mato Grosso,322690,219175
06/2023,CENTRO OESTE,Mato Grosso do Sul,243159,167188
06/2023,NORDESTE,Bahia,29577,23820
06/2023,NORDESTE,Maranhão,1808,21360
06/2023,NORDESTE,Piauí,1567,541
06/2023,NORTE,Pará,2435,5699
06/2023,NORTE,Tocantins,9255,14878
06/2023,SUDESTE,Espírito Santo,1188,12737
06/2023,SUDESTE,Minas Gerais,241665,201894
06/2023,SUDESTE,Rio de Janeiro,7506,
06/2023,SUDESTE,São Paulo,798927,770571
06/2023,SUL,Paraná,58094,96618
06/2023,SUL,Rio Grande do Sul,0,
05/2023,CENTRO OESTE,Goiás,497053,157108
05/2023,CENTRO OESTE,Mato Grosso,328143,194021
05/2023,CENTRO OESTE,Mato Grosso do Sul,281040,166670
05/2023,NORDESTE,Alagoas,14882,6303
05/2023,NORDESTE,Bahia,24664,15492
05/2023,NORDESTE,Maranhão,6,8447
05/2023,NORDESTE,Paraíba,1762,432
05/2023,NORDESTE,Pernambuco,427,2143
05/2023,NORDESTE,Sergipe,452,
05/2023,NORTE,Pará,684,143
05/2023,NORTE,Tocantins,9245,16567
05/2023,SUDESTE,Espírito Santo,1869,9319
05/2023,SUDESTE,Minas Gerais,244869,179264
05/2023,SUDESTE,Rio de Janeiro,3590,
05/2023,SUDESTE,São Paulo,963800,896228
05/2023,SUL,Paraná,71932,100365
04/2023,CENTRO OESTE,Goiás,194057,57769
04/2023,CENTRO OESTE,Mato Grosso,264346,112920
04/2023,CENTRO OESTE,Mato Grosso do Sul,175146,68368
04/2023,NORDESTE,Alagoas,24475,22350
04/2023,NORDESTE,Bahia,17550,5350
04/2023,NORDESTE,Maranhão,,353
04/2023,NORDESTE,Paraíba,6737,6904
04/2023,NORDESTE,Pernambuco,9882,6181
04/2023,NORDESTE,Sergipe,6588,620
04/2023,NORTE,Tocantins,14609,6134
04/2023,SUDESTE,Espírito Santo,244,6032
04/2023,SUDESTE,Minas Gerais,118802,49951
04/2023,SUDESTE,São Paulo,417878,253671
04/2023,SUL,Paraná,44469,50767
03/2023,CENTRO OESTE,Goiás,57301,15474
03/2023,CENTRO OESTE,Mato Grosso,204355,116795
03/2023,CENTRO OESTE,Mato Grosso do Sul,75450,59056
03/2023,NORDESTE,Alagoas,24125,35963
03/2023,NORDESTE,Bahia,609,
03/2023,NORDESTE,Paraíba,14007,15606
03/2023,NORDESTE,Pernambuco,16889,23412
03/2023,NORDESTE,Rio Grande do Norte,4764,3131
03/2023,NORDESTE,Sergipe,9755,2720
03/2023,NORTE,Tocantins,4070,
03/2023,SUDESTE,Minas Gerais,10450,6066
03/2023,SUDESTE,São Paulo,81070,18866
03/2023,SUL,Paraná,4886,10692
03/2023,SUL,Rio Grande do Sul,3,
02/2023,CENTRO OESTE,Goiás,19756,4132
02/2023,CENTRO OESTE,Mato Grosso,149387,108966
02/2023,CENTRO OESTE,Mato Grosso do Sul,40606,35431
02/2023,NORDESTE,Alagoas,25590,36135
02/2023,NORDESTE,Bahia,500,
02/2023,NORDESTE,Paraíba,13182,31402
02/2023,NORDESTE,Pernambuco,20241,20274
02/2023,NORDESTE,Rio Grande do Norte,8698,6537
02/2023,NORDESTE,Sergipe,10875,2844
02/2023,SUDESTE,Minas Gerais,3046,
02/2023,SUDESTE,São Paulo,1524,3030
02/2023,SUL,Paraná,,4081
02/2023,SUL,Rio Grande do Sul,2,
01/2023,CENTRO OESTE,Goiás,33068,5448
01/2023,CENTRO OESTE,Mato Grosso,144904,124028
01/2023,CENTRO OESTE,Mato Grosso do Sul,49039,63891
01/2023,NORDESTE,Alagoas,25470,40986
01/2023,NORDESTE,Bahia,422,
01/2023,NORDESTE,Paraíba,10669,45353
01/2023,NORDESTE,Pernambuco,19960,31874
01/2023,NORDESTE,Rio Grande do Norte,12943,8440
01/2023,NORDESTE,Sergipe,11322,3292
01/2023,SUDESTE,Minas Gerais,664,
01/2023,SUDESTE,São Paulo,5121,3283
01/2023,SUL,Paraná,409,3663
01/2023,SUL,Rio Grande do Sul,1,
12/2022,CENTRO OESTE,Goiás,53960,3952
12/2022,CENTRO OESTE,Mato Grosso,172272,137742
12/2022,CENTRO OESTE,Mato Grosso do Sul,100734,118772
12/2022,NORDESTE,Alagoas,27381,32527
12/2022,NORDESTE,Bahia,4107,5208
12/2022,NORDESTE,Paraíba,19421,47411
12/2022,NORDESTE,Pernambuco,23450,32296
12/2022,NORDESTE,Piauí,2520,
12/2022,NORDESTE,Rio Grande do Norte,14989,6560
12/2022,NORDESTE,Sergipe,14237,2400
12/2022,SUDESTE,Minas Gerais,15653,11176
12/2022,SUDESTE,São Paulo,100966,38785
12/2022,SUL,Paraná,31137,38452
12/2022,SUL,Rio Grande do Sul,2,
11/2022,CENTRO OESTE,Goiás,218996,53234
11/2022,CENTRO OESTE,Mato Grosso,194552,125359
11/2022,CENTRO OESTE,Mato Grosso do Sul,176793,163492
11/2022,NORDESTE,Alagoas,27182,32065
11/2022,NORDESTE,Bahia,17019,10530
11/2022,NORDESTE,Maranhão,5,4168
11/2022,NORDESTE,Paraíba,27097,36932
11/2022,NORDESTE,Pernambuco,19506,29346
11/2022,NORDESTE,Piauí,4702,2334
11/2022,NORDESTE,Rio Grande do Norte,14856,5726
11/2022,NORDESTE,Sergipe,10802,3152
11/2022,NORTE,Amazonas,578,
11/2022,NORTE,Pará,1626,5652
11/2022,NORTE,Tocantins,9855,3943
11/2022,SUDESTE,Espírito Santo,54,2610
11/2022,SUDESTE,Minas Gerais,75920,86404
11/2022,SUDESTE,São Paulo,486635,460012
11/2022,SUL,Paraná,58195,94274
11/2022,SUL,Rio Grande do Sul,2,
10/2022,CENTRO OESTE,Goiás,408739,108447
10/2022,CENTRO OESTE,Mato Grosso,229892,174639
10/2022,CENTRO OESTE,Mato Grosso do Sul,161740,136663
10/2022,NORDESTE,Alagoas,31702,33969
10/2022,NORDESTE,Bahia,34062,21248
10/2022,NORDESTE,Maranhão,1997,22800
10/2022,NORDESTE,Paraíba,23438,40723
10/2022,NORDESTE,Pernambuco,17390,32536
10/2022,NORDESTE,Piauí,957,6986
10/2022,NORDESTE,Rio Grande do Norte,11458,6882
10/2022,NORDESTE,Sergipe,10508,3168
10/2022,NORTE,Amazonas,2127,
10/2022,NORTE,Pará,1989,7619
10/2022,NORTE,Tocantins,11956,16610
10/2022,SUDESTE,Espírito Santo,1636,7469
10/2022,SUDESTE,Minas Gerais,134844,154843
10/2022,SUDESTE,Rio de Janeiro,2989,
10/2022,SUDESTE,São Paulo,659019,723883
10/2022,SUL,Paraná,46140,60792
10/2022,SUL,Rio Grande do Sul,2,
09/2022,CENTRO OESTE,Goiás,580228,142077
09/2022,CENTRO OESTE,Mato Grosso,275380,174211
09/2022,CENTRO OESTE,Mato Grosso do Sul,230994,137939
09/2022,NORDESTE,Alagoas,18488,10775
09/2022,NORDESTE,Bahia,23842,25638
09/2022,NORDESTE,Maranhão,2728,20559
09/2022,NORDESTE,Paraíba,18427,40650
09/2022,NORDESTE,Pernambuco,11448,18124
09/2022,NORDESTE,Piauí,894,7110
09/2022,NORDESTE,Rio Grande do Norte,8907,6794
09/2022,NORDESTE,Sergipe,2872,159
09/2022,NORTE,Amazonas,1108,
09/2022,NORTE,Pará,1906,7814
09/2022,NORTE,Tocantins,11062,14056
09/2022,SUDESTE,Espírito Santo,2564,10385
09/2022,SUDESTE,Minas Gerais,228789,186471
09/2022,SUDESTE,Rio de Janeiro,13397,
09/2022,SUDESTE,São Paulo,747731,745227
09/2022,SUL,Paraná,49361,66094
09/2022,SUL,Rio Grande do Sul,1,
08/2022,CENTRO OESTE,Goiás,652407,208582
08/2022,CENTRO OESTE,Mato Grosso,275559,171115
08/2022,CENTRO OESTE,Mato Grosso do Sul,257052,144470
08/2022,NORDESTE,Bahia,25956,27269
08/2022,NORDESTE,Maranhão,2737,21108
08/2022,NORDESTE,Paraíba,9359,30765
08/2022,NORDESTE,Pernambuco,4107,1392
08/2022,NORDESTE,Piauí,1726,7466
08/2022,NORDESTE,Rio Grande do Norte,5188,1708
08/2022,NORTE,Amazonas,772,
08/2022,NORTE,Pará,2054,7130
08/2022,NORTE,Tocantins,14012,16286
08/2022,SUDESTE,Espírito Santo,1695,15232
08/2022,SUDESTE,Minas Gerais,290160,213878
08/2022,SUDESTE,Rio de Janeiro,19605,
08/2022,SUDESTE,São Paulo,1012178,908846
08/2022,SUL,Paraná,60588,79028
07/2022,CENTRO OESTE,Goiás,648001,192068
07/2022,CENTRO OESTE,Mato Grosso,279487,203092
07/2022,CENTRO OESTE,Mato Grosso do Sul,312056,174244
07/2022,NORDESTE,Bahia,34368,22037
07/2022,NORDESTE,Maranhão,2892,21399
07/2022,NORDESTE,Paraíba,2378,3665
07/2022,NORDESTE,Piauí,4409,4019
07/2022,NORTE,Pará,2126,6016
07/2022,NORTE,Tocantins,17102,13902
07/2022,SUDESTE,Espírito Santo,2598,16917
07/2022,SUDESTE,Minas Gerais,277944,216124
07/2022,SUDESTE,Rio de Janeiro,26801,
07/2022,SUDESTE,São Paulo,1145811,982415
07/2022,SUL,Paraná,91956,103313
06/2022,CENTRO OESTE,Goiás,558778,149066
06/2022,CENTRO OESTE,Mato Grosso,249094,187190
06/2022,CENTRO OESTE,Mato Grosso do Sul,249786,144598
06/2022,NORDESTE,Bahia,31351,11969
06/2022,NORDESTE,Maranhão,1474,18081
06/2022,NORDESTE,Piauí,1910,
06/2022,NORTE,Pará,1617,5306
06/2022,NORTE,Tocantins,19435,12549
06/2022,SUDESTE,Espírito Santo,3247,15654
06/2022,SUDESTE,Minas Gerais,255247,180970
06/2022,SUDESTE,Rio de Janeiro,27385,
06/2022,SUDESTE,São Paulo,931671,810273
06/2022,SUL,Paraná,63107,53569
06/2022,SUL,Rio Grande do Sul,1,
05/2022,CENTRO OESTE,Goiás,523939,183521
05/2022,CENTRO OESTE,Mato Grosso,285142,124887
05/2022,CENTRO OESTE,Mato Grosso do Sul,242113,106652
05/2022,NORDESTE,Bahia,23907,8192
05/2022,NORDESTE,Maranhão,1016,18754
05/2022,NORDESTE,Pernambuco,88,
05/2022,NORTE,Pará,1208,711
05/2022,NORTE,Tocantins,10540,15450
05/2022,SUDESTE,Espírito Santo,2801,13714
05/2022,SUDESTE,Minas Gerais,249993,139097
05/2022,SUDESTE,Rio de Janeiro,18356,
05/2022,SUDESTE,São Paulo,982010,707557
05/2022,SUL,Paraná,74890,68568
05/2022,SUL,Rio Grande do Sul,1,
04/2022,CENTRO OESTE,Goiás,266133,35953
04/2022,CENTRO OESTE,Mato Grosso,229911,44761
04/2022,CENTRO OESTE,Mato Grosso do Sul,153914,26441
04/2022,NORDESTE,Alagoas,3252,
04/2022,NORDESTE,Bahia,7754,452
04/2022,NORDESTE,Maranhão,5,3387
04/2022,NORDESTE,Paraíba,4028,
04/2022,NORDESTE,Pernambuco,3032,1119
04/2022,NORTE,Tocantins,18001,378
04/2022,SUDESTE,Espírito Santo,1572,5752
04/2022,SUDESTE,Minas Gerais,132726,37895
04/2022,SUDESTE,Rio de Janeiro,1635,
04/2022,SUDESTE,São Paulo,354980,175177
04/2022,SUL,Paraná,19262,18283
03/2022,CENTRO OESTE,Goiás,63604,899
03/2022,CENTRO OESTE,Mato Grosso,183684,78150
03/2022,CENTRO OESTE,Mato Grosso do Sul,27231,11790
03/2022,NORDESTE,Alagoas,31852,7606
03/2022,NORDESTE,Paraíba,10681,
03/2022,NORDESTE,Pernambuco,10149,5490
03/2022,NORDESTE,Sergipe,1542,
03/2022,NORTE,Tocantins,4438,
03/2022,SUDESTE,Minas Gerais,6160,
03/2022,SUDESTE,São Paulo,5254,
03/2022,SUL,Paraná,692,3170
02/2022,CENTRO OESTE,Goiás,36997,2882
02/2022,CENTRO OESTE,Mato Grosso,173170,69473
02/2022,NORDESTE,Alagoas,33547,24428
02/2022,NORDESTE,Paraíba,4202,6956
02/2022,NORDESTE,Pernambuco,31143,12893
02/2022,NORDESTE,Sergipe,9254,2453
02/2022,SUDESTE,Minas Gerais,655,
02/2022,SUDESTE,São Paulo,9960,40
02/2022,SUL,Paraná,641,2328
01/2022,CENTRO OESTE,Goiás,25726,6303
01/2022,CENTRO OESTE,Mato Grosso,194898,75859
01/2022,NORDESTE,Alagoas,34929,35204
01/2022,NORDESTE,Paraíba,11508,24220
01/2022,NORDESTE,Pernambuco,37269,17960
01/2022,NORDESTE,Rio Grande do Norte,7345,1396
01/2022,NORDESTE,Sergipe,14470,4088
01/2022,NORTE,Amazonas,1310,
01/2022,SUDESTE,Minas Gerais,3,
01/2022,SUDESTE,São Paulo,10328,3002
01/2022,SUL,Paraná,2295,1416
01/2022,SUL,Rio Grande do Sul,1,
12/2021,CENTRO OESTE,Goiás,56261,10776
12/2021,CENTRO OESTE,Mato Grosso,198026,72725
12/2021,CENTRO OESTE,Mato Grosso do Sul,1644,83
12/2021,NORDESTE,Alagoas,39152,33758
12/2021,NORDESTE,Bahia,515,1112
12/2021,NORDESTE,Maranhão,,5696
12/2021,NORDESTE,Paraíba,18141,37760
12/2021,NORDESTE,Pernambuco,44666,19850
12/2021,NORDESTE,Piauí,3159,
12/2021,NORDESTE,Rio Grande do Norte,14336,2752
12/2021,NORDESTE,Sergipe,14765,5162
12/2021,NORTE,Amazonas,1180,
12/2021,NORTE,Pará,334,5416
12/2021,SUDESTE,Espírito Santo,438,208
12/2021,SUDESTE,Minas Gerais,2382,4756
12/2021,SUDESTE,Rio de Janeiro,182,
12/2021,SUDESTE,São Paulo,20655,9782
12/2021,SUL,Paraná,2786,6747
11/2021,CENTRO OESTE,Goiás,164497,45687
11/2021,CENTRO OESTE,Mato Grosso,221630,87697
11/2021,CENTRO OESTE,Mato Grosso do Sul,64005,38243
11/2021,NORDESTE,Alagoas,39730,41128
11/2021,NORDESTE,Bahia,10671,13445
11/2021,NORDESTE,Maranhão,5,12145
11/2021,NORDESTE,Paraíba,22080,43935
11/2021,NORDESTE,Pernambuco,37120,33696
11/2021,NORDESTE,Piauí,2116,3522
11/2021,NORDESTE,Rio Grande do Norte,16463,4811
11/2021,NORDESTE,Sergipe,18901,4131
11/2021,NORTE,Amazonas,1725,
11/2021,NORTE,Pará,2144,4863
11/2021,NORTE,Tocantins,8623,8807
11/2021,SUDESTE,Espírito Santo,1466,5453
11/2021,SUDESTE,Minas Gerais,51413,43822
11/2021,SUDESTE,Rio de Janeiro,4312,
11/2021,SUDESTE,São Paulo,163261,157494
11/2021,SUL,Paraná,31277,59800
10/2021,CENTRO OESTE,Goiás,356439,129095
10/2021,CENTRO OESTE,Mato Grosso,260988,147303
10/2021,CENTRO OESTE,Mato Grosso do Sul,106427,54960
10/2021,NORDESTE,Alagoas,40396,33810
10/2021,NORDESTE,Bahia,19754,14559
10/2021,NORDESTE,Maranhão,11,16096
10/2021,NORDESTE,Paraíba,19300,46374
10/2021,NORDESTE,Pernambuco,39030,31553
10/2021,NORDESTE,Piauí,580,6501
10/2021,NORDESTE,Rio Grande do Norte,11953,8607
10/2021,NORDESTE,Sergipe,19302,3314
10/2021,NORTE,Amazonas,1272,
10/2021,NORTE,Pará,1357,7453
10/2021,NORTE,Tocantins,7975,14111
10/2021,SUDESTE,Espírito Santo,2102,8302
10/2021,SUDESTE,Minas Gerais,140693,120844
10/2021,SUDESTE,Rio de Janeiro,9854,
10/2021,SUDESTE,São Paulo,488465,436932
10/2021,SUL,Paraná,25794,40064
09/2021,CENTRO OESTE,Goiás,568162,189987
09/2021,CENTRO OESTE,Mato Grosso,276261,168367
09/2021,CENTRO OESTE,Mato Grosso do Sul,227520,123638
09/2021,NORDESTE,Alagoas,20815,14170
09/2021,NORDESTE,Bahia,28913,17246
09/2021,NORDESTE,Maranhão,2501,25145
09/2021,NORDESTE,Paraíba,15499,40963
09/2021,NORDESTE,Pernambuco,23813,11254
09/2021,NORDESTE,Piauí,2446,5742
09/2021,NORDESTE,Rio Grande do Norte,5546,9769
09/2021,NORDESTE,Sergipe,1710,
09/2021,NORTE,Amazonas,1639,
09/2021,NORTE,Pará,3332,5484
09/2021,NORTE,Tocantins,14641,12816
09/2021,SUDESTE,Espírito Santo,2441,11231
09/2021,SUDESTE,Minas Gerais,252495,187123
09/2021,SUDESTE,Rio de Janeiro,25700,
09/2021,SUDESTE,São Paulo,1067366,887598
09/2021,SUL,Paraná,86245,84544
08/2021,CENTRO OESTE,Goiás,615193,229196
08/2021,CENTRO OESTE,Mato Grosso,282703,179472
08/2021,CENTRO OESTE,Mato Grosso do Sul,276115,127163
08/2021,NORDESTE,Alagoas,943,738
08/2021,NORDESTE,Bahia,28340,23642
08/2021,NORDESTE,Maranhão,2276,26815
08/2021,NORDESTE,Paraíba,14864,20227
08/2021,NORDESTE,Piauí,5895,2939
08/2021,NORDESTE,Rio Grande do Norte,2538,
08/2021,NORTE,Amazonas,572,
08/2021,NORTE,Pará,1558,6688
08/2021,NORTE,Tocantins,25446,6538
08/2021,SUDESTE,Espírito Santo,635,15213
08/2021,SUDESTE,Minas Gerais,287479,214806
08/2021,SUDESTE,Rio de Janeiro,30210,
08/2021,SUDESTE,São Paulo,1135592,960479
08/2021,SUL,Paraná,96841,87922
07/2021,CENTRO OESTE,Goiás,596726,229581
07/2021,CENTRO OESTE,Mato Grosso,297363,156893
07/2021,CENTRO OESTE,Mato Grosso do Sul,310332,122016
07/2021,NORDESTE,Bahia,29386,23656
07/2021,NORDESTE,Maranhão,1866,26488
07/2021,NORDESTE,Paraíba,2754,3823
07/2021,NORDESTE,Piauí,1507,6557
07/2021,NORTE,Pará,2836,6997
07/2021,NORTE,Tocantins,16960,12475
07/2021,SUDESTE,Espírito Santo,1325,15941
07/2021,SUDESTE,Minas Gerais,277757,211735
07/2021,SUDESTE,Rio de Janeiro,30931,
07/2021,SUDESTE,São Paulo,1110452,1008391
07/2021,SUL,Paraná,93257,91723
07/2021,SUL,Rio Grande do Sul,1,
06/2021,CENTRO OESTE,Goiás,529724,180131
06/2021,CENTRO OESTE,Mato Grosso,245534,147330
06/2021,CENTRO OESTE,Mato Grosso do Sul,238386,85257
06/2021,NORDESTE,Bahia,26856,16602
06/2021,NORDESTE,Maranhão,2053,21507
06/2021,NORDESTE,Piauí,1785,1392
06/2021,NORTE,Pará,1807,4715
06/2021,NORTE,Tocantins,10583,17946
06/2021,SUDESTE,Espírito Santo,1835,13208
06/2021,SUDESTE,Minas Gerais,217182,195066
06/2021,SUDESTE,Rio de Janeiro,15624,
06/2021,SUDESTE,São Paulo,999164,863876
06/2021,SUL,Paraná,54851,53077
05/2021,CENTRO OESTE,Goiás,463759,176917
05/2021,CENTRO OESTE,Mato Grosso,256907,90589
05/2021,CENTRO OESTE,Mato Grosso do Sul,306531,84743
05/2021,NORDESTE,Bahia,24954,7709
05/2021,NORDESTE,Maranhão,641,17176
05/2021,NORTE,Tocantins,7979,18097
05/2021,SUDESTE,Espírito Santo,2648,8962
05/2021,SUDESTE,Minas Gerais,231239,159330
05/2021,SUDESTE,Rio de Janeiro,8714,
05/2021,SUDESTE,São Paulo,1134782,789325
05/2021,SUL,Paraná,85367,76277
04/2021,CENTRO OESTE,Goiás,259474,50273
04/2021,CENTRO OESTE,Mato Grosso,200675,45188
04/2021,CENTRO OESTE,Mato Grosso do Sul,218198,68923
04/2021,NORDESTE,Alagoas,4431,169
04/2021,NORDESTE,Bahia,15116,2470
04/2021,NORDESTE,Maranhão,372,3035
04/2021,NORDESTE,Paraíba,5191,
04/2021,NORDESTE,Pernambuco,35,
04/2021,NORTE,Tocantins,12009,
04/2021,SUDESTE,Espírito Santo,66,1552
04/2021,SUDESTE,Minas Gerais,165172,60356
04/2021,SUDESTE,Rio de Janeiro,812,
04/2021,SUDESTE,São Paulo,600829,229678
04/2021,SUL,Paraná,111883,48717
03/2021,CENTRO OESTE,Goiás,56985,1645
03/2021,CENTRO OESTE,Mato Grosso,181836,47870
03/2021,CENTRO OESTE,Mato Grosso do Sul,122845,4131
03/2021,NORDESTE,Alagoas,25406,7591
03/2021,NORDESTE,Bahia,6034,565
03/2021,NORDESTE,Paraíba,3493,7660
03/2021,NORDESTE,Pernambuco,2751,
03/2021,NORDESTE,Sergipe,7746,449
03/2021,SUDESTE,Minas Gerais,8828,6797
03/2021,SUDESTE,São Paulo,105390,4224
03/2021,SUL,Paraná,39643,14379
02/2021,CENTRO OESTE,Goiás,31495,6128
02/2021,CENTRO OESTE,Mato Grosso,130806,36048
02/2021,CENTRO OESTE,Mato Grosso do Sul,39695,4642
02/2021,NORDESTE,Alagoas,32438,25061
02/2021,NORDESTE,Paraíba,5831,8703
02/2021,NORDESTE,Pernambuco,17095,4494
02/2021,NORDESTE,Rio Grande do Norte,2874,
02/2021,NORDESTE,Sergipe,15141,1580
02/2021,SUDESTE,Minas Gerais,1,
02/2021,SUDESTE,São Paulo,1523,
02/2021,SUL,Paraná,2350,
01/2021,CENTRO OESTE,Goiás,25663,5888
01/2021,CENTRO OESTE,Mato Grosso,149462,53685
01/2021,CENTRO OESTE,Mato Grosso do Sul,5749,5456
01/2021,NORDESTE,Alagoas,30290,33571
01/2021,NORDESTE,Maranhão,97,410
01/2021,NORDESTE,Paraíba,28699,17583
01/2021,NORDESTE,Pernambuco,42122,13403
01/2021,NORDESTE,Rio Grande do Norte,16889,5237
01/2021,NORDESTE,Sergipe,15537,5262
01/2021,SUDESTE,São Paulo,7622,2430
01/2021,SUL,Paraná,72,
12/2020,CENTRO OESTE,Goiás,43915,6715
12/2020,CENTRO OESTE,Mato Grosso,165941,47366
12/2020,CENTRO OESTE,Mato Grosso do Sul,43687,17195
12/2020,NORDESTE,Alagoas,33523,43748
12/2020,NORDESTE,Bahia,12850,5813
12/2020,NORDESTE,Maranhão,1778,9498
12/2020,NORDESTE,Paraíba,24187,34938
12/2020,NORDESTE,Pernambuco,40858,22434
12/2020,NORDESTE,Rio Grande do Norte,12409,9222
12/2020,NORDESTE,Sergipe,15934,5218
12/2020,NORTE,Amazonas,530,
12/2020,NORTE,Pará,1190,1395
12/2020,SUDESTE,Espírito Santo,101,8119
12/2020,SUDESTE,Minas Gerais,11307,2094
12/2020,SUDESTE,Rio de Janeiro,2385,
12/2020,SUDESTE,São Paulo,28890,13604
12/2020,SUL,Paraná,9304,
12/2020,SUL,Rio Grande do Sul,0,
11/2020,CENTRO OESTE,Goiás,265579,72702
11/2020,CENTRO OESTE,Mato Grosso,148560,82772
11/2020,CENTRO OESTE,Mato Grosso do Sul,170320,61884
11/2020,NORDESTE,Alagoas,36337,36097
11/2020,NORDESTE,Bahia,12372,11712
11/2020,NORDESTE,Maranhão,1503,17115
11/2020,NORDESTE,Paraíba,31593,30573
11/2020,NORDESTE,Pernambuco,27909,29537
11/2020,NORDESTE,Piauí,436,4438
11/2020,NORDESTE,Rio Grande do Norte,8736,7770
11/2020,NORDESTE,Sergipe,16260,4171
11/2020,NORTE,Amazonas,1005,
11/2020,NORTE,Pará,517,5497
11/2020,NORTE,Tocantins,2078,2987
11/2020,SUDESTE,Espírito Santo,498,5944
11/2020,SUDESTE,Minas Gerais,100363,49385
11/2020,SUDESTE,Rio de Janeiro,4980,
11/2020,SUDESTE,São Paulo,426209,320626
11/2020,SUL,Paraná,59266,32014
10/2020,CENTRO OESTE,Goiás,478953,145096
10/2020,CENTRO OESTE,Mato Grosso,252578,101520
10/2020,CENTRO OESTE,Mato Grosso do Sul,219899,73702
10/2020,NORDESTE,Alagoas,46090,29727
10/2020,NORDESTE,Bahia,23910,20257
10/2020,NORDESTE,Maranhão,2986,27540
10/2020,NORDESTE,Paraíba,32458,32215
10/2020,NORDESTE,Pernambuco,37080,26581
10/2020,NORDESTE,Piauí,3487,4096
10/2020,NORDESTE,Rio Grande do Norte,14817,5032
10/2020,NORDESTE,Sergipe,13818,4440
10/2020,NORTE,Amazonas,2820,
10/2020,NORTE,Pará,3561,6987
10/2020,NORTE,Tocantins,11672,12115
10/2020,SUDESTE,Espírito Santo,1979,9363
10/2020,SUDESTE,Minas Gerais,235966,142669
10/2020,SUDESTE,Rio de Janeiro,16625,
10/2020,SUDESTE,São Paulo,1026410,742034
10/2020,SUL,Paraná,73911,81726
09/2020,CENTRO OESTE,Goiás,629040,174982
09/2020,CENTRO OESTE,Mato Grosso,253919,142764
09/2020,CENTRO OESTE,Mato Grosso do Sul,310476,112826
09/2020,NORDESTE,Alagoas,24061,6034
09/2020,NORDESTE,Bahia,23685,20762
09/2020,NORDESTE,Maranhão,2643,25929
09/2020,NORDESTE,Paraíba,32658,25186
09/2020,NORDESTE,Pernambuco,34279,5788
09/2020,NORDESTE,Piauí,2133,6333
09/2020,NORDESTE,Rio Grande do Norte,19731,2417
09/2020,NORDESTE,Sergipe,2226,
09/2020,NORTE,Amazonas,2281,
09/2020,NORTE,Pará,1718,7230
09/2020,NORTE,Tocantins,14450,13029
09/2020,SUDESTE,Espírito Santo,1806,11664
09/2020,SUDESTE,Minas Gerais,350330,145574
09/2020,SUDESTE,Rio de Janeiro,24679,
09/2020,SUDESTE,São Paulo,1350952,815876
09/2020,SUL,Paraná,95633,101009
08/2020,CENTRO OESTE,Goiás,679942,185029
08/2020,CENTRO OESTE,Mato Grosso,254662,117836
08/2020,CENTRO OESTE,Mato Grosso do Sul,280128,85990
08/2020,NORDESTE,Alagoas,1332,102
08/2020,NORDESTE,Bahia,22642,15590
08/2020,NORDESTE,Maranhão,2022,26634
08/2020,NORDESTE,Paraíba,18790,19942
08/2020,NORDESTE,Pernambuco,2363,858
08/2020,NORDESTE,Piauí,2045,6654
08/2020,NORDESTE,Rio Grande do Norte,8055,1658
08/2020,NORTE,Amazonas,2262,
08/2020,NORTE,Pará,1775,7725
08/2020,NORTE,Tocantins,14376,15389
08/2020,SUDESTE,Espírito Santo,1957,12510
08/2020,SUDESTE,Minas Gerais,337591,168383
08/2020,SUDESTE,Rio de Janeiro,30784,
08/2020,SUDESTE,São Paulo,1459643,719285
08/2020,SUL,Paraná,81871,67403
08/2020,SUL,Rio Grande do Sul,88,
07/2020,CENTRO OESTE,Goiás,619347,190231
07/2020,CENTRO OESTE,Mato Grosso,259113,100328
07/2020,CENTRO OESTE,Mato Grosso do Sul,321670,120532
07/2020,NORDESTE,Bahia,21184,16963
07/2020,NORDESTE,Maranhão,2790,23371
07/2020,NORDESTE,Paraíba,3441,3232
07/2020,NORDESTE,Piauí,1655,6271
07/2020,NORTE,Amazonas,110,
07/2020,NORTE,Pará,1140,6627
07/2020,NORTE,Tocantins,12583,14788
07/2020,SUDESTE,Espírito Santo,1558,10826
07/2020,SUDESTE,Minas Gerais,352444,133675
07/2020,SUDESTE,Rio de Janeiro,31872,
07/2020,SUDESTE,São Paulo,1475375,757806
07/2020,SUL,Paraná,98344,84671
06/2020,CENTRO OESTE,Goiás,573210,158068
06/2020,CENTRO OESTE,Mato Grosso,221528,94832
06/2020,CENTRO OESTE,Mato Grosso do Sul,230704,65384
06/2020,NORDESTE,Alagoas,16,
06/2020,NORDESTE,Bahia,18553,14464
06/2020,NORDESTE,Maranhão,1303,16499
06/2020,NORDESTE,Piauí,721,344
06/2020,NORTE,Pará,1825,3154
06/2020,NORTE,Tocantins,9915,14999
06/2020,SUDESTE,Espírito Santo,1778,7543
06/2020,SUDESTE,Minas Gerais,286896,133321
06/2020,SUDESTE,Rio de Janeiro,16845,
06/2020,SUDESTE,São Paulo,1292693,619453
06/2020,SUL,Paraná,72456,56647
05/2020,CENTRO OESTE,Goiás,443391,128625
05/2020,CENTRO OESTE,Mato Grosso,210130,55023
05/2020,CENTRO OESTE,Mato Grosso do Sul,237795,55447
05/2020,NORDESTE,Alagoas,1443,103
05/2020,NORDESTE,Bahia,18240,9058
05/2020,NORDESTE,Maranhão,109,12094
05/2020,NORTE,Tocantins,10418,12875
05/2020,SUDESTE,Espírito Santo,455,4936
05/2020,SUDESTE,Minas Gerais,234881,116178
05/2020,SUDESTE,Rio de Janeiro,7921,
05/2020,SUDESTE,São Paulo,1390115,606576
05/2020,SUL,Paraná,104457,59135
04/2020,CENTRO OESTE,Goiás,284202,32703
04/2020,CENTRO OESTE,Mato Grosso,155183,45972
04/2020,CENTRO OESTE,Mato Grosso do Sul,234030,39298
04/2020,NORDESTE,Alagoas,6904,3855
04/2020,NORDESTE,Bahia,3087,2402
04/2020,NORDESTE,Maranhão,,732
04/2020,NORDESTE,Paraíba,1258,4521
04/2020,NORDESTE,Pernambuco,415,
04/2020,NORTE,Tocantins,12826,
04/2020,SUDESTE,Espírito Santo,597,
04/2020,SUDESTE,Minas Gerais,165249,74952
04/2020,SUDESTE,Rio de Janeiro,1296,
04/2020,SUDESTE,São Paulo,1019681,378399
04/2020,SUL,Paraná,94981,33439
03/2020,CENTRO OESTE,Goiás,96146,
03/2020,CENTRO OESTE,Mato Grosso,117687,43735
03/2020,CENTRO OESTE,Mato Grosso do Sul,144387,30860
03/2020,NORDESTE,Alagoas,11905,6897
03/2020,NORDESTE,Paraíba,3098,8660
03/2020,NORDESTE,Pernambuco,18460,3518
03/2020,NORDESTE,Sergipe,743,
03/2020,SUDESTE,Minas Gerais,36246,711
03/2020,SUDESTE,São Paulo,166160,27979
03/2020,SUL,Paraná,25056,19772
02/2020,CENTRO OESTE,Goiás,61023,
02/2020,CENTRO OESTE,Mato Grosso,94180,27376
02/2020,CENTRO OESTE,Mato Grosso do Sul,16852,4045
02/2020,NORDESTE,Alagoas,31310,22559
02/2020,NORDESTE,Paraíba,18018,7724
02/2020,NORDESTE,Pernambuco,55053,7023
02/2020,NORDESTE,Rio Grande do Norte,7709,130
02/2020,NORDESTE,Sergipe,6794,1709
02/2020,SUDESTE,Espírito Santo,322,1874
02/2020,SUDESTE,São Paulo,2216,1715
02/2020,SUL,Paraná,4064,1832
01/2020,CENTRO OESTE,Goiás,46113,3040
01/2020,CENTRO OESTE,Mato Grosso,89633,41235
01/2020,CENTRO OESTE,Mato Grosso do Sul,6,138
01/2020,NORDESTE,Alagoas,46379,37480
01/2020,NORDESTE,Paraíba,32383,30653
01/2020,NORDESTE,Pernambuco,64960,17902
01/2020,NORDESTE,Rio Grande do Norte,14998,5619
01/2020,NORDESTE,Sergipe,21392,4451
01/2020,NORTE,Rondônia,66,
01/2020,SUDESTE,Espírito Santo,334,5531
01/2020,SUDESTE,São Paulo,2864,2997
01/2020,SUL,Paraná,4657,2222
12/2019,CENTRO OESTE,Goiás,100179,9982
12/2019,CENTRO OESTE,Mato Grosso,82381,45012
12/2019,CENTRO OESTE,Mato Grosso do Sul,17440,6773
12/2019,NORDESTE,Alagoas,52650,40902
12/2019,NORDESTE,Maranhão,852,6739
12/2019,NORDESTE,Paraíba,32085,38978
12/2019,NORDESTE,Pernambuco,63172,28520
12/2019,NORDESTE,Piauí,3123,688
12/2019,NORDESTE,Rio Grande do Norte,15472,6586
12/2019,NORDESTE,Sergipe,19318,7196
12/2019,NORTE,Amazonas,992,
12/2019,NORTE,Pará,1163,5289
12/2019,NORTE,Rondônia,293,
12/2019,NORTE,Tocantins,2021,
12/2019,SUDESTE,Espírito Santo,327,7322
12/2019,SUDESTE,Minas Gerais,26225,3405
12/2019,SUDESTE,São Paulo,71599,26687
12/2019,SUL,Paraná,6715,1093
11/2019,CENTRO OESTE,Goiás,329374,80000
11/2019,CENTRO OESTE,Mato Grosso,146283,49609
11/2019,CENTRO OESTE,Mato Grosso do Sul,93207,38863
11/2019,NORDESTE,Alagoas,52607,42066
11/2019,NORDESTE,Bahia,2959,8114
11/2019,NORDESTE,Maranhão,2060,15577
11/2019,NORDESTE,Paraíba,27749,37624
11/2019,NORDESTE,Pernambuco,52678,29982
11/2019,NORDESTE,Piauí,2881,4386
11/2019,NORDESTE,Rio Grande do Norte,17690,6340
11/2019,NORDESTE,Sergipe,19497,5516
11/2019,NORTE,Amazonas,2767,
11/2019,NORTE,Pará,2488,7147
11/2019,NORTE,Rondônia,474,
11/2019,NORTE,Tocantins,7385,10176
11/2019,SUDESTE,Espírito Santo,351,5864
11/2019,SUDESTE,Minas Gerais,180370,48652
11/2019,SUDESTE,São Paulo,661083,395386
11/2019,SUL,Paraná,61981,20603
11/2019,SUL,Rio Grande do Sul,58,
10/2019,CENTRO OESTE,Goiás,580606,131660
10/2019,CENTRO OESTE,Mato Grosso,194107,79346
10/2019,CENTRO OESTE,Mato Grosso do Sul,266492,82066
10/2019,NORDESTE,Alagoas,54259,36102
10/2019,NORDESTE,Bahia,21337,14743
10/2019,NORDESTE,Maranhão,2631,20126
10/2019,NORDESTE,Paraíba,31483,34002
10/2019,NORDESTE,Pernambuco,54111,21319
10/2019,NORDESTE,Piauí,3765,5763
10/2019,NORDESTE,Rio Grande do Norte,24955,3355
10/2019,NORDESTE,Sergipe,17930,3170
10/2019,NORTE,Amazonas,1935,
10/2019,NORTE,Pará,4468,5216
10/2019,NORTE,Rondônia,586,
10/2019,NORTE,Tocantins,8498,14748
10/2019,SUDESTE,Espírito Santo,1703,9649
10/2019,SUDESTE,Minas Gerais,352329,103365
10/2019,SUDESTE,Rio de Janeiro,5301,
10/2019,SUDESTE,São Paulo,1582724,769479
10/2019,SUL,Paraná,139675,78232
10/2019,SUL,Rio Grande do Sul,243,
09/2019,CENTRO OESTE,Goiás,692578,93061
09/2019,CENTRO OESTE,Mato Grosso,226661,71598
09/2019,CENTRO OESTE,Mato Grosso do Sul,362064,88440
09/2019,NORDESTE,Alagoas,34118,10895
09/2019,NORDESTE,Bahia,25192,15114
09/2019,NORDESTE,Maranhão,4113,23040
09/2019,NORDESTE,Paraíba,34160,22452
09/2019,NORDESTE,Pernambuco,28134,7271
09/2019,NORDESTE,Piauí,7096,1797
09/2019,NORDESTE,Rio Grande do Norte,15875,832
09/2019,NORDESTE,Sergipe,3493,
09/2019,NORTE,Amazonas,1337,
09/2019,NORTE,Pará,1683,6477
09/2019,NORTE,Rondônia,614,
09/2019,NORTE,Tocantins,14957,10692
09/2019,SUDESTE,Espírito Santo,1039,13764
09/2019,SUDESTE,Minas Gerais,398146,140590
09/2019,SUDESTE,Rio de Janeiro,14323,
09/2019,SUDESTE,São Paulo,1556298,751201
09/2019,SUL,Paraná,146686,80512
09/2019,SUL,Rio Grande do Sul,548,
08/2019,CENTRO OESTE,Goiás,712479,118579
08/2019,CENTRO OESTE,Mato Grosso,207198,68378
08/2019,CENTRO OESTE,Mato Grosso do Sul,428578,99461
08/2019,NORDESTE,Alagoas,6934,201
08/2019,NORDESTE,Bahia,27233,14087
08/2019,NORDESTE,Maranhão,8738,27570
08/2019,NORDESTE,Paraíba,25657,17711
08/2019,NORDESTE,Pernambuco,2507,277
08/2019,NORDESTE,Piauí,7680,807
08/2019,NORDESTE,Rio Grande do Norte,4132,
08/2019,NORTE,Amazonas,1233,
08/2019,NORTE,Pará,1517,7553
08/2019,NORTE,Rondônia,793,
08/2019,NORTE,Tocantins,8316,19552
08/2019,SUDESTE,Espírito Santo,557,14448
08/2019,SUDESTE,Minas Gerais,391926,176701
08/2019,SUDESTE,Rio de Janeiro,22727,
08/2019,SUDESTE,São Paulo,1758127,904786
08/2019,SUL,Paraná,196590,98452
08/2019,SUL,Rio Grande do Sul,675,
07/2019,CENTRO OESTE,Goiás,699475,108721
07/2019,CENTRO OESTE,Mato Grosso,164498,103947
07/2019,CENTRO OESTE,Mato Grosso do Sul,393556,84723
07/2019,NORDESTE,Bahia,28819,13118
07/2019,NORDESTE,Maranhão,3818,23811
07/2019,NORDESTE,Paraíba,6031,2498
07/2019,NORDESTE,Piauí,3639,3364
07/2019,NORTE,Amazonas,551,
07/2019,NORTE,Pará,2536,6852
07/2019,NORTE,Rondônia,810,
07/2019,NORTE,Tocantins,15149,6455
07/2019,SUDESTE,Espírito Santo,2339,19038
07/2019,SUDESTE,Minas Gerais,384120,190212
07/2019,SUDESTE,Rio de Janeiro,25630,
07/2019,SUDESTE,São Paulo,1571070,888342
07/2019,SUL,Paraná,129212,101832
07/2019,SUL,Rio Grande do Sul,116,
06/2019,CENTRO OESTE,Goiás,639011,112927
06/2019,CENTRO OESTE,Mato Grosso,132040,116405
06/2019,CENTRO OESTE,Mato Grosso do Sul,353666,87284
06/2019,NORDESTE,Bahia,19378,13371
06/2019,NORDESTE,Maranhão,3486,16960
06/2019,NORDESTE,Piauí,1471,
06/2019,NORTE,Pará,1804,4356
06/2019,NORTE,Rondônia,542,
06/2019,NORTE,Tocantins,13481,7927
06/2019,SUDESTE,Espírito Santo,2243,17918
06/2019,SUDESTE,Minas Gerais,314095,180216
06/2019,SUDESTE,Rio de Janeiro,15773,
06/2019,SUDESTE,São Paulo,1459884,870679
06/2019,SUL,Paraná,125294,76337
05/2019,CENTRO OESTE,Goiás,521159,89978
05/2019,CENTRO OESTE,Mato Grosso,138129,73640
05/2019,CENTRO OESTE,Mato Grosso do Sul,311858,93022
05/2019,NORDESTE,Bahia,30065,4736
05/2019,NORDESTE,Maranhão,8,8216
05/2019,NORTE,Pará,44,
05/2019,NORTE,Rondônia,391,
05/2019,NORTE,Tocantins,5842,11986
05/2019,SUDESTE,Espírito Santo,3765,9284
05/2019,SUDESTE,Minas Gerais,304513,120211
05/2019,SUDESTE,Rio de Janeiro,6647,
05/2019,SUDESTE,São Paulo,1354345,770211
05/2019,SUL,Paraná,126462,66363
04/2019,CENTRO OESTE,Goiás,281750,26710
04/2019,CENTRO OESTE,Mato Grosso,111717,24940
04/2019,CENTRO OESTE,Mato Grosso do Sul,275730,45192
04/2019,NORDESTE,Alagoas,7001,3276
04/2019,NORDESTE,Bahia,10734,96
04/2019,NORDESTE,Paraíba,570,
04/2019,NORTE,Rondônia,233,
04/2019,NORTE,Tocantins,9185,
04/2019,SUDESTE,Espírito Santo,600,660
04/2019,SUDESTE,Minas Gerais,199062,40820
04/2019,SUDESTE,Rio de Janeiro,1219,
04/2019,SUDESTE,São Paulo,830469,249544
04/2019,SUL,Paraná,131958,31700
03/2019,CENTRO OESTE,Goiás,80396,4260
03/2019,CENTRO OESTE,Mato Grosso,74679,17429
03/2019,CENTRO OESTE,Mato Grosso do Sul,104445,15696
03/2019,NORDESTE,Alagoas,21997,13012
03/2019,NORDESTE,Paraíba,278,9010
03/2019,NORDESTE,Pernambuco,5557,
03/2019,NORTE,Rondônia,112,
03/2019,SUDESTE,Minas Gerais,20947,2756
03/2019,SUDESTE,São Paulo,145286,29624
03/2019,SUL,Paraná,23733,12665
02/2019,CENTRO OESTE,Goiás,22957,5848
02/2019,CENTRO OESTE,Mato Grosso,44295,11578
02/2019,CENTRO OESTE,Mato Grosso do Sul,30129,5230
02/2019,NORDESTE,Alagoas,31886,21688
02/2019,NORDESTE,Paraíba,1378,8339
02/2019,NORDESTE,Pernambuco,15626,6720
02/2019,NORDESTE,Rio Grande do Norte,1011,280
02/2019,NORDESTE,Sergipe,2802,2322
02/2019,SUDESTE,Espírito Santo,219,786
02/2019,SUDESTE,São Paulo,5522,2507
02/2019,SUL,Paraná,2856,2030
01/2019,CENTRO OESTE,Goiás,21947,6728
01/2019,CENTRO OESTE,Mato Grosso,37365,33146
01/2019,CENTRO OESTE,Mato Grosso do Sul,17808,23148
01/2019,NORDESTE,Alagoas,42104,31461
01/2019,NORDESTE,Paraíba,15903,13118
01/2019,NORDESTE,Pernambuco,41719,10357
01/2019,NORDESTE,Rio Grande do Norte,11526,1588
01/2019,NORDESTE,Sergipe,17139,3443
01/2019,NORTE,Pará,1402,1237
01/2019,SUDESTE,Espírito Santo,1131,7962
01/2019,SUDESTE,Minas Gerais,546,
01/2019,SUDESTE,São Paulo,10383,2691
01/2019,SUL,Paraná,3655,
12/2018,CENTRO OESTE,Goiás,128440,7425
12/2018,CENTRO OESTE,Mato Grosso,76543,15321
12/2018,CENTRO OESTE,Mato Grosso do Sul,144581,46461
12/2018,NORDESTE,Alagoas,60676,28454
12/2018,NORDESTE,Bahia,3165,2015
12/2018,NORDESTE,Maranhão,,650
12/2018,NORDESTE,Paraíba,39042,25072
12/2018,NORDESTE,Pernambuco,80315,10609
12/2018,NORDESTE,Piauí,3402,
12/2018,NORDESTE,Rio Grande do Norte,15624,1854
12/2018,NORDESTE,Sergipe,23321,3257
12/2018,NORTE,Pará,718,3916
12/2018,NORTE,Rondônia,47,
12/2018,NORTE,Tocantins,1925,
12/2018,SUDESTE,Espírito Santo,362,6578
12/2018,SUDESTE,Minas Gerais,65494,3705
12/2018,SUDESTE,Rio de Janeiro,3144,
12/2018,SUDESTE,São Paulo,318040,41324
12/2018,SUL,Paraná,60970,5264
11/2018,CENTRO OESTE,Goiás,181184,38843
11/2018,CENTRO OESTE,Mato Grosso,84204,40329
11/2018,CENTRO OESTE,Mato Grosso do Sul,205638,83594
11/2018,NORDESTE,Alagoas,56427,36860
11/2018,NORDESTE,Bahia,15471,9922
11/2018,NORDESTE,Maranhão,535,13117
11/2018,NORDESTE,Paraíba,47430,25302
11/2018,NORDESTE,Pernambuco,80717,15259
11/2018,NORDESTE,Piauí,4854,2822
11/2018,NORDESTE,Rio Grande do Norte,19118,4276
11/2018,NORDESTE,Sergipe,18157,6924
11/2018,NORTE,Amazonas,1143,
11/2018,NORTE,Pará,399,6027
11/2018,NORTE,Rondônia,191,
11/2018,NORTE,Tocantins,15156,2399
11/2018,SUDESTE,Espírito Santo,2683,10002
11/2018,SUDESTE,Minas Gerais,121972,29117
11/2018,SUDESTE,Rio de Janeiro,7622,
11/2018,SUDESTE,São Paulo,674439,241056
11/2018,SUL,Paraná,112962,37076
11/2018,SUL,Rio Grande do Sul,0,
10/2018,CENTRO OESTE,Goiás,432137,63656
10/2018,CENTRO OESTE,Mato Grosso,126597,61483
10/2018,CENTRO OESTE,Mato Grosso do Sul,191755,69835
10/2018,NORDESTE,Alagoas,61491,31549
10/2018,NORDESTE,Bahia,23451,15098
10/2018,NORDESTE,Maranhão,2522,19113
10/2018,NORDESTE,Paraíba,41926,31718
10/2018,NORDESTE,Pernambuco,67518,26774
10/2018,NORDESTE,Piauí,4579,4139
10/2018,NORDESTE,Rio Grande do Norte,19451,4766
10/2018,NORDESTE,Sergipe,17595,2651
10/2018,NORTE,Amazonas,2391,
10/2018,NORTE,Pará,1829,6607
10/2018,NORTE,Rondônia,240,
10/2018,NORTE,Tocantins,6470,13471
10/2018,SUDESTE,Espírito Santo,3593,11741
10/2018,SUDESTE,Minas Gerais,287331,78362
10/2018,SUDESTE,Rio de Janeiro,17056,
10/2018,SUDESTE,São Paulo,969034,441979
10/2018,SUL,Paraná,83055,30938
10/2018,SUL,Rio Grande do Sul,478,
09/2018,CENTRO OESTE,Goiás,565324,79836
09/2018,CENTRO OESTE,Mato Grosso,137758,74838
09/2018,CENTRO OESTE,Mato Grosso do Sul,240435,81013
09/2018,NORDESTE,Alagoas,28292,11083
09/2018,NORDESTE,Bahia,29657,11246
09/2018,NORDESTE,Maranhão,3774,21232
09/2018,NORDESTE,Paraíba,45794,22523
09/2018,NORDESTE,Pernambuco,50616,9909
09/2018,NORDESTE,Piauí,2654,2876
09/2018,NORDESTE,Rio Grande do Norte,18073,2800
09/2018,NORDESTE,Sergipe,2792,502
09/2018,NORTE,Amazonas,511,
09/2018,NORTE,Pará,2280,5650
09/2018,NORTE,Rondônia,369,
09/2018,NORTE,Tocantins,7628,16058
09/2018,SUDESTE,Espírito Santo,4317,16138
09/2018,SUDESTE,Minas Gerais,339863,125362
09/2018,SUDESTE,Rio de Janeiro,23103,
09/2018,SUDESTE,São Paulo,1346550,671009
09/2018,SUL,Paraná,128402,51265
09/2018,SUL,Rio Grande do Sul,646,
08/2018,CENTRO OESTE,Goiás,648079,89927
08/2018,CENTRO OESTE,Mato Grosso,143378,90542
08/2018,CENTRO OESTE,Mato Grosso do Sul,301482,102642
08/2018,NORDESTE,Alagoas,2928,1749
08/2018,NORDESTE,Bahia,27479,12951
08/2018,NORDESTE,Maranhão,6963,25981
08/2018,NORDESTE,Paraíba,34240,15410
08/2018,NORDESTE,Pernambuco,10714,219
08/2018,NORDESTE,Piauí,98,4131
08/2018,NORDESTE,Rio Grande do Norte,3643,968
08/2018,NORTE,Amazonas,1317,
08/2018,NORTE,Pará,2000,5166
08/2018,NORTE,Rondônia,382,
08/2018,NORTE,Tocantins,11692,13879
08/2018,SUDESTE,Espírito Santo,4355,15525
08/2018,SUDESTE,Minas Gerais,376690,132773
08/2018,SUDESTE,Rio de Janeiro,23067,
08/2018,SUDESTE,São Paulo,1492165,809910
08/2018,SUL,Paraná,121214,67855
08/2018,SUL,Rio Grande do Sul,810,
07/2018,CENTRO OESTE,Goiás,609755,122109
07/2018,CENTRO OESTE,Mato Grosso,116640,113985
07/2018,CENTRO OESTE,Mato Grosso do Sul,391884,132042
07/2018,NORDESTE,Bahia,23213,13018
07/2018,NORDESTE,Maranhão,7380,26053
07/2018,NORDESTE,Paraíba,5520,1127
07/2018,NORDESTE,Piauí,3246,3172
07/2018,NORDESTE,Rio Grande do Norte,576,
07/2018,NORTE,Amazonas,106,
07/2018,NORTE,Pará,965,5020
07/2018,NORTE,Rondônia,160,
07/2018,NORTE,Tocantins,17776,5724
07/2018,SUDESTE,Espírito Santo,3632,17380
07/2018,SUDESTE,Minas Gerais,385127,134729
07/2018,SUDESTE,Rio de Janeiro,21103,
07/2018,SUDESTE,São Paulo,1695895,946693
07/2018,SUL,Paraná,179514,105187
07/2018,SUL,Rio Grande do Sul,256,
06/2018,CENTRO OESTE,Goiás,557848,109643
06/2018,CENTRO OESTE,Mato Grosso,117108,93768
06/2018,CENTRO OESTE,Mato Grosso do Sul,331323,93626
06/2018,NORDESTE,Bahia,20578,9796
06/2018,NORDESTE,Maranhão,3687,14528
06/2018,NORDESTE,Pernambuco,9,
06/2018,NORDESTE,Piauí,629,876
06/2018,NORTE,Pará,441,2447
06/2018,NORTE,Tocantins,11877,10315
06/2018,SUDESTE,Espírito Santo,2423,14067
06/2018,SUDESTE,Minas Gerais,321601,137906
06/2018,SUDESTE,Rio de Janeiro,2165,
06/2018,SUDESTE,São Paulo,1572391,884754
06/2018,SUL,Paraná,143219,80828
05/2018,CENTRO OESTE,Goiás,446855,71086
05/2018,CENTRO OESTE,Mato Grosso,103360,90198
05/2018,CENTRO OESTE,Mato Grosso do Sul,265673,57184
05/2018,NORDESTE,Bahia,17469,5395
05/2018,NORDESTE,Maranhão,4,2077
05/2018,NORTE,Tocantins,7732,7852
05/2018,SUDESTE,Espírito Santo,1861,11013
05/2018,SUDESTE,Minas Gerais,274064,120720
05/2018,SUDESTE,São Paulo,1439583,716881
05/2018,SUL,Paraná,123320,67837
05/2018,SUL,Rio Grande do Sul,1,
04/2018,CENTRO OESTE,Goiás,233273,30798
04/2018,CENTRO OESTE,Mato Grosso,79029,28904
04/2018,CENTRO OESTE,Mato Grosso do Sul,250233,78552
04/2018,NORDESTE,Alagoas,2524,1642
04/2018,NORDESTE,Bahia,5006,772
04/2018,NORDESTE,Paraíba,8775,
04/2018,NORDESTE,Pernambuco,4571,80
04/2018,NORTE,Tocantins,5266,
04/2018,SUDESTE,Espírito Santo,1536,365
04/2018,SUDESTE,Minas Gerais,218215,64624
04/2018,SUDESTE,São Paulo,1181314,351775
04/2018,SUL,Paraná,125250,56634
03/2018,CENTRO OESTE,Goiás,31051,
03/2018,CENTRO OESTE,Mato Grosso,44389,11702
03/2018,CENTRO OESTE,Mato Grosso do Sul,97579,19655
03/2018,NORDESTE,Alagoas,10741,12450
03/2018,NORDESTE,Paraíba,4740,6828
03/2018,NORDESTE,Pernambuco,12042,1804
03/2018,NORDESTE,Rio Grande do Norte,2746,1167
03/2018,NORDESTE,Sergipe,1859,1840
03/2018,SUDESTE,Minas Gerais,37623,2321
03/2018,SUDESTE,São Paulo,319852,19960
03/2018,SUL,Paraná,19438,14965
02/2018,CENTRO OESTE,Goiás,26906,
02/2018,CENTRO OESTE,Mato Grosso,38526,8827
02/2018,CENTRO OESTE,Mato Grosso do Sul,47800,1235
02/2018,NORDESTE,Alagoas,20386,25397
02/2018,NORDESTE,Paraíba,5290,13954
02/2018,NORDESTE,Pernambuco,32348,4715
02/2018,NORDESTE,Rio Grande do Norte,4703,1556
02/2018,NORDESTE,Sergipe,5571,3242
02/2018,SUDESTE,São Paulo,11584,789
02/2018,SUL,Paraná,7361,91
02/2018,SUL,Rio Grande do Sul,1,
01/2018,CENTRO OESTE,Goiás,14205,3052
01/2018,CENTRO OESTE,Mato Grosso,56053,3800
01/2018,CENTRO OESTE,Mato Grosso do Sul,21394,8357
01/2018,NORDESTE,Alagoas,23501,47953
01/2018,NORDESTE,Paraíba,27881,28472
01/2018,NORDESTE,Pernambuco,40062,17235
01/2018,NORDESTE,Rio Grande do Norte,9163,4415
01/2018,NORDESTE,Sergipe,12063,4430
01/2018,SUDESTE,São Paulo,3745,1402
01/2018,SUL,Paraná,1367,
12/2017,CENTRO OESTE,Goiás,45233,12283
12/2017,CENTRO OESTE,Mato Grosso,52707,3117
12/2017,CENTRO OESTE,Mato Grosso do Sul,64294,15058
12/2017,NORDESTE,Alagoas,22233,50845
12/2017,NORDESTE,Bahia,1054,
12/2017,NORDESTE,Maranhão,8,2424
12/2017,NORDESTE,Paraíba,34087,32805
12/2017,NORDESTE,Pernambuco,41693,29278
12/2017,NORDESTE,Rio Grande do Norte,8024,5676
12/2017,NORDESTE,Sergipe,11877,6780
12/2017,NORTE,Pará,1015,2740
12/2017,NORTE,Rondônia,34,
12/2017,NORTE,Tocantins,417,
12/2017,SUDESTE,Espírito Santo,751,765
12/2017,SUDESTE,Minas Gerais,27821,2483
12/2017,SUDESTE,São Paulo,286779,110830
12/2017,SUL,Paraná,55251,20572
11/2017,CENTRO OESTE,Goiás,247076,61823
11/2017,CENTRO OESTE,Mato Grosso,78042,17570
11/2017,CENTRO OESTE,Mato Grosso do Sul,137580,52666
11/2017,NORDESTE,Alagoas,17084,44266
11/2017,NORDESTE,Bahia,12634,7716
11/2017,NORDESTE,Maranhão,1275,12194
11/2017,NORDESTE,Paraíba,36875,30072
11/2017,NORDESTE,Pernambuco,44650,21001
11/2017,NORDESTE,Piauí,7,2415
11/2017,NORDESTE,Rio Grande do Norte,5781,7621
11/2017,NORDESTE,Sergipe,9300,6589
11/2017,NORTE,Amazonas,946,
11/2017,NORTE,Pará,1511,7429
11/2017,NORTE,Rondônia,171,
11/2017,NORTE,Tocantins,5663,10097
11/2017,SUDESTE,Espírito Santo,2261,8021
11/2017,SUDESTE,Minas Gerais,140181,62850
11/2017,SUDESTE,Rio de Janeiro,243,
11/2017,SUDESTE,São Paulo,552965,420693
11/2017,SUL,Paraná,85580,38767
11/2017,SUL,Rio Grande do Sul,1,
10/2017,CENTRO OESTE,Goiás,475831,134684
10/2017,CENTRO OESTE,Mato Grosso,123049,57866
10/2017,CENTRO OESTE,Mato Grosso do Sul,166466,91792
10/2017,NORDESTE,Alagoas,11480,26301
10/2017,NORDESTE,Bahia,15705,15054
10/2017,NORDESTE,Maranhão,1851,21415
10/2017,NORDESTE,Paraíba,30433,34226
10/2017,NORDESTE,Pernambuco,40153,13579
10/2017,NORDESTE,Piauí,31,5032
10/2017,NORDESTE,Rio Grande do Norte,7235,9262
10/2017,NORDESTE,Sergipe,5498,1155
10/2017,NORTE,Amazonas,739,
10/2017,NORTE,Pará,954,8117
10/2017,NORTE,Rondônia,500,
10/2017,NORTE,Tocantins,8994,17271
10/2017,SUDESTE,Espírito Santo,2151,13103
10/2017,SUDESTE,Minas Gerais,241256,126007
10/2017,SUDESTE,Rio de Janeiro,7023,
10/2017,SUDESTE,São Paulo,856772,766669
10/2017,SUL,Paraná,59422,55498
10/2017,SUL,Rio Grande do Sul,274,
09/2017,CENTRO OESTE,Goiás,564423,176097
09/2017,CENTRO OESTE,Mato Grosso,103628,97030
09/2017,CENTRO OESTE,Mato Grosso do Sul,243240,157709
09/2017,NORDESTE,Alagoas,3245,2505
09/2017,NORDESTE,Bahia,15489,14036
09/2017,NORDESTE,Maranhão,2111,29039
09/2017,NORDESTE,Paraíba,29631,24158
09/2017,NORDESTE,Pernambuco,15364,3737
09/2017,NORDESTE,Piauí,,3805
09/2017,NORDESTE,Rio Grande do Norte,7341,2335
09/2017,NORTE,Amazonas,585,
09/2017,NORTE,Pará,470,7455
09/2017,NORTE,Rondônia,624,
09/2017,NORTE,Tocantins,11992,13276
09/2017,SUDESTE,Espírito Santo,1700,11381
09/2017,SUDESTE,Minas Gerais,285156,150770
09/2017,SUDESTE,Rio de Janeiro,11790,
09/2017,SUDESTE,São Paulo,1147260,1001942
09/2017,SUL,Paraná,116997,104624
09/2017,SUL,Rio Grande do Sul,722,
08/2017,CENTRO OESTE,Goiás,572889,173664
08/2017,CENTRO OESTE,Mato Grosso,103324,102945
08/2017,CENTRO OESTE,Mato Grosso do Sul,220581,134963
08/2017,NORDESTE,Bahia,13971,13445
08/2017,NORDESTE,Maranhão,7617,28368
08/2017,NORDESTE,Paraíba,23297,13976
08/2017,NORDESTE,Pernambuco,1521,954
08/2017,NORDESTE,Piauí,785,2961
08/2017,NORDESTE,Rio Grande do Norte,2140,
08/2017,NORTE,Amazonas,1986,
08/2017,NORTE,Pará,868,7657
08/2017,NORTE,Rondônia,687,
08/2017,NORTE,Tocantins,8322,19478
08/2017,SUDESTE,Espírito Santo,2057,13033
08/2017,SUDESTE,Minas Gerais,274237,146006
08/2017,SUDESTE,Rio de Janeiro,13260,
08/2017,SUDESTE,São Paulo,966358,873595
08/2017,SUL,Paraná,78466,79768
08/2017,SUL,Rio Grande do Sul,902,
07/2017,CENTRO OESTE,Goiás,622853,258438
07/2017,CENTRO OESTE,Mato Grosso,110911,98228
07/2017,CENTRO OESTE,Mato Grosso do Sul,292488,164048
07/2017,NORDESTE,Bahia,16133,7823
07/2017,NORDESTE,Maranhão,2538,27389
07/2017,NORDESTE,Paraíba,2443,1202
07/2017,NORDESTE,Piauí,,4148
07/2017,NORDESTE,Sergipe,,22
07/2017,NORTE,Amazonas,589,
07/2017,NORTE,Pará,492,6950
07/2017,NORTE,Rondônia,762,
07/2017,NORTE,Tocantins,5277,18866
07/2017,SUDESTE,Espírito Santo,695,9560
07/2017,SUDESTE,Minas Gerais,243004,155906
07/2017,SUDESTE,Rio de Janeiro,11141,
07/2017,SUDESTE,São Paulo,1052387,1068289
07/2017,SUL,Paraná,98468,117221
07/2017,SUL,Rio Grande do Sul,597,
06/2017,CENTRO OESTE,Goiás,469122,154361
06/2017,CENTRO OESTE,Mato Grosso,86575,88583
06/2017,CENTRO OESTE,Mato Grosso do Sul,186136,110129
06/2017,NORDESTE,Alagoas,179,
06/2017,NORDESTE,Bahia,13854,6708
06/2017,NORDESTE,Maranhão,3484,16593
06/2017,NORDESTE,Piauí,,1219
06/2017,NORTE,Pará,2776,3183
06/2017,NORTE,Rondônia,879,
06/2017,NORTE,Tocantins,6441,16173
06/2017,SUDESTE,Espírito Santo,2530,9572
06/2017,SUDESTE,Minas Gerais,190264,166138
06/2017,SUDESTE,Rio de Janeiro,6254,
06/2017,SUDESTE,São Paulo,884415,927815
06/2017,SUL,Paraná,64124,64063
05/2017,CENTRO OESTE,Goiás,384387,135431
05/2017,CENTRO OESTE,Mato Grosso,78360,78554
05/2017,CENTRO OESTE,Mato Grosso do Sul,162863,67954
05/2017,NORDESTE,Bahia,14237,9042
05/2017,NORDESTE,Maranhão,639,5515
05/2017,NORTE,Rondônia,577,
05/2017,NORTE,Tocantins,8082,16158
05/2017,SUDESTE,Espírito Santo,834,9942
05/2017,SUDESTE,Minas Gerais,157339,119423
05/2017,SUDESTE,Rio de Janeiro,4145,
05/2017,SUDESTE,São Paulo,751890,727361
05/2017,SUL,Paraná,64348,52617
04/2017,CENTRO OESTE,Goiás,208909,55863
04/2017,CENTRO OESTE,Mato Grosso,52266,12729
04/2017,CENTRO OESTE,Mato Grosso do Sul,129066,45152
04/2017,NORDESTE,Alagoas,143,2189
04/2017,NORDESTE,Bahia,2980,890
04/2017,NORDESTE,Maranhão,6,
04/2017,NORTE,Rondônia,223,
04/2017,NORTE,Tocantins,5320,4446
04/2017,SUDESTE,Espírito Santo,291,1999
04/2017,SUDESTE,Minas Gerais,121892,71142
04/2017,SUDESTE,Rio de Janeiro,36,
04/2017,SUDESTE,São Paulo,590384,321719
04/2017,SUL,Paraná,52395,30796
03/2017,CENTRO OESTE,Goiás,51959,6071
03/2017,CENTRO OESTE,Mato Grosso,24577,920
03/2017,CENTRO OESTE,Mato Grosso do Sul,89374,30290
03/2017,NORDESTE,Alagoas,1160,13794
03/2017,NORDESTE,Maranhão,93,
03/2017,NORDESTE,Paraíba,340,2446
03/2017,NORDESTE,Pernambuco,2916,
03/2017,NORDESTE,Rio Grande do Norte,2215,
03/2017,NORTE,Rondônia,73,
03/2017,SUDESTE,Minas Gerais,18821,1490
03/2017,SUDESTE,São Paulo,207286,134870
03/2017,SUL,Paraná,22709,22781
02/2017,CENTRO OESTE,Goiás,37161,6253
02/2017,CENTRO OESTE,Mato Grosso,14821,2088
02/2017,CENTRO OESTE,Mato Grosso do Sul,40872,11835
02/2017,NORDESTE,Alagoas,10222,31333
02/2017,NORDESTE,Paraíba,630,4535
02/2017,NORDESTE,Pernambuco,16061,5372
02/2017,NORDESTE,Rio Grande do Norte,2503,16
02/2017,NORDESTE,Sergipe,4784,2260
02/2017,NORTE,Rondônia,151,
02/2017,SUDESTE,Minas Gerais,1564,
02/2017,SUDESTE,São Paulo,39205,19577
02/2017,SUL,Paraná,4056,2656
01/2017,CENTRO OESTE,Goiás,18913,1050
01/2017,CENTRO OESTE,Mato Grosso,26198,991
01/2017,CENTRO OESTE,Mato Grosso do Sul,38657,14849
01/2017,NORDESTE,Alagoas,20218,54683
01/2017,NORDESTE,Paraíba,18073,10406
01/2017,NORDESTE,Pernambuco,18171,27105
01/2017,NORDESTE,Rio Grande do Norte,4443,1757
01/2017,NORDESTE,Sergipe,7910,7561
01/2017,NORTE,Rondônia,221,
01/2017,SUDESTE,Minas Gerais,1619,38
01/2017,SUDESTE,São Paulo,19479,14292
01/2017,SUL,Paraná,190,
